<?xml version="1.0" encoding="UTF-8"?>
<project-private xmlns="http://www.netbeans.org/ns/project-private/1">
    <open-files xmlns="http://www.netbeans.org/ns/projectui-open-files/2">
        <group>
            <file>file:/D:/Programming%202/FinalProject/src/finalproject/Edit.java</file>
            <file>file:/D:/Programming%202/FinalProject/src/finalproject/PBoard.java</file>
            <file>file:/D:/Programming%202/FinalProject/src/finalproject/GUI.java</file>
            <file>file:/D:/Programming%202/FinalProject/src/finalproject/GShape.java</file>
            <file>file:/D:/Programming%202/FinalProject/src/finalproject/Caretaker.java</file>
        </group>
    </open-files>
</project-private>
